<?xml version="1.0" encoding="UTF-8"?><metadata>
    <idinfo>
        <citation>
            <citeinfo>
                <title>Map</title>
            </citeinfo>
        </citation>
        <descript>
            <abstract>An inventory of Wildlife Conservation Board projects from board inception in 1949 to present (publication date). Project boundaries are approximate and used various data sources, scale and heads-up digitizing. Some of the project boundaries do not represent actual project area. See Wildlife Conservation Boards minutes and/or agenda for detailed information or contact the Board for additional information. (http://www.wcb.ca.gov/)</abstract>
            <purpose>The data is to provide the spatial link to the Wildlife Conservation Boards main project database.

The Wildlife Conservation Board (WCB) was created by legislation in 1947 to administer a capital outlay program for wildlife conservation and related public recreation. Originally created within the California Department of Natural Resources, and later placed with the California Department of Fish and Wildlife, WCB is a separate and independent Board with authority and funding to carry out an acquisition and development program for wildlife conservation (California Fish and Game Code 1300, et seq.). WCBs seven-member Board consists of the President of the Fish and Game Commission, the Director of the California Department of Fish and Wildlife, the Director of the Department of Finance, and four public members, two appointed by the legislature and two by the Governor. Legislation that created WCB also established a Legislative Advisory Committee consisting of three members of the Senate and three members of the Assembly, which meet with WCB, providing legislative oversight.

The primary responsibilities of WCB are to select, authorize and allocate funds for the purchase of land and waters suitable for recreation purposes and the preservation, protection and restoration of wildlife habitat. WCB approves and funds projects that set aside lands within the State for such purposes, through acquisition or other means, to meet these objectives. WCB can also authorize the construction of facilities for recreational purposes on property in which it has a proprietary interest.

WCBs three main functions are land acquisition, habitat restoration and development of wildlife oriented public access facilities, which are carried out through its programs.</purpose>
        </descript>
        <keywords>
            <theme>
                <themekt>None</themekt>
                <themekey>Auth_CDFW</themekey>
                <themekey>California Department of Fish And Wildlife</themekey>
                <themekey>California Natural Resources Agency</themekey>
                <themekey>CAOpenData</themekey>
                <themekey>habitat</themekey>
                <themekey>endangered species</themekey>
                <themekey>wetlands</themekey>
                <themekey>riparian</themekey>
                <themekey>wildlife</themekey>
                <themekey>public access</themekey>
                <themekey>DS0672_20220302_wm</themekey>
            </theme>
        </keywords>
        <accconst>None</accconst>
        <useconst>License: This work is licensed under Creative Commons Attribution 4.0 International License (https://creativecommons.org/licenses/by/4.0/). Using the citation standards recommended for BIOS datasets (https://www.wildlife.ca.gov/Data/BIOS/Citing-BIOS) satisfies the attribution requirements of this license.Disclaimer: The State makes no claims, promises, or guarantees about the accuracy, completeness, reliability, or adequacy of these data and expressly disclaims liability for errors and omissions in these data. No warranty of any kind, implied, expressed, or statutory, including but not limited to the warranties of non-infringement of third party rights, title, merchantability, fitness for a particular purpose, and freedom from computer virus, is given with respect to these data.Information may be used without modification. Some of the polygons does not represent actual project area. See Wildlife Conservation Boards mintues and/or agenda for detailed information or contact the Board for additional information. (http://www.wcb.ca.gov/)Disclaimer: WCB makes no claims, promises, or guarantees about the accuracy,completeness, reliability, or adequacy of these data and expressly disclaims liability for errors and omissions in these data. No warranty of any kind, implied, expressed, or statutory, including but not limited to the warranties of non-infringement of third party rights, title, merchantability, fitness for a particular purpose, and freedom from computer virus, is given with respect to these data.</useconst>
        <datacred>Lisa Ohara; ; California Department of Fish and Wildlife (CDFW); Biogeographic Data Branch; ; (916) 445-3542; ; ; Lisa.Ohara@wildlife.ca.gov; </datacred>
    </idinfo>
    <metainfo>
        <metstdn>FGDC Content Standard for Digital Geospatial Metadata</metstdn>
        <metstdv>FGDC-STD-001-1998</metstdv>
        <mettc>local time</mettc>
    </metainfo>
</metadata>
